{"kappa": "2a", "asym_rate": 0.9992451008335108, "WP_check_direction": "lb", "inp_prob": [[0.25, 0.25], [0.25, 0.25]], "n": 2000000000000.0, "gamma": 0.0858882855954625, "wexp": 0.8128059999999999, "wtol": 1e-05, "ztol": 1e-06, "eps": 1e-08, "lambda": 90.90780587393249, "fin_rate": 0.3178728865004081, "beta": 7.196856730011529e-08, "nu_prime": 0.5}