{"kappa": "2a", "asym_rate": 0.9992711378509469, "WP_check_direction": "lb", "inp_prob": [[0.25, 0.25], [0.25, 0.25]], "n": 2000000000000.0, "gamma": null, "wexp": 0.8128059999999999, "wtol": 1e-05, "ztol": 1e-06, "eps": 1e-08, "lambda": 91.71285178223677}