{"max": 0.8128059999999999, "min": 0.249999}